"filename", "language", "C++", "Makefile", "CMake", "CMake Cache", "TypeScript", "C", "Log", "comment", "blank", "total"
"c:\Users\cherry\Desktop\workspace\C++\DataStructures\APP\DS_HW_2\lab2\build\CMakeCache.txt", "CMake Cache", 0, 0, 0, 333, 0, 0, 0, 0, 74, 407
"c:\Users\cherry\Desktop\workspace\C++\DataStructures\APP\DS_HW_2\lab2\build\CMakeFiles\3.21.2\CMakeCCompiler.cmake", "CMake", 0, 0, 63, 0, 0, 0, 0, 0, 18, 81
"c:\Users\cherry\Desktop\workspace\C++\DataStructures\APP\DS_HW_2\lab2\build\CMakeFiles\3.21.2\CMakeCXXCompiler.cmake", "CMake", 0, 0, 72, 0, 0, 0, 0, 0, 20, 92
"c:\Users\cherry\Desktop\workspace\C++\DataStructures\APP\DS_HW_2\lab2\build\CMakeFiles\3.21.2\CMakeRCCompiler.cmake", "CMake", 0, 0, 6, 0, 0, 0, 0, 0, 1, 7
"c:\Users\cherry\Desktop\workspace\C++\DataStructures\APP\DS_HW_2\lab2\build\CMakeFiles\3.21.2\CMakeSystem.cmake", "CMake", 0, 0, 10, 0, 0, 0, 0, 0, 6, 16
"c:\Users\cherry\Desktop\workspace\C++\DataStructures\APP\DS_HW_2\lab2\build\CMakeFiles\3.21.2\CompilerIdCXX\CMakeCXXCompilerId.cpp", "C++", 603, 0, 0, 0, 0, 0, 0, 63, 130, 796
"c:\Users\cherry\Desktop\workspace\C++\DataStructures\APP\DS_HW_2\lab2\build\CMakeFiles\3.21.2\CompilerIdC\CMakeCCompilerId.c", "C", 0, 0, 0, 0, 0, 615, 0, 61, 132, 808
"c:\Users\cherry\Desktop\workspace\C++\DataStructures\APP\DS_HW_2\lab2\build\CMakeFiles\CMakeDirectoryInformation.cmake", "CMake", 0, 0, 12, 0, 0, 0, 0, 0, 5, 17
"c:\Users\cherry\Desktop\workspace\C++\DataStructures\APP\DS_HW_2\lab2\build\CMakeFiles\CMakeOutput.log", "Log", 0, 0, 0, 0, 0, 0, 472, 0, 143, 615
"c:\Users\cherry\Desktop\workspace\C++\DataStructures\APP\DS_HW_2\lab2\build\CMakeFiles\Makefile.cmake", "CMake", 0, 0, 47, 0, 0, 0, 0, 0, 6, 53
"c:\Users\cherry\Desktop\workspace\C++\DataStructures\APP\DS_HW_2\lab2\build\CMakeFiles\main.dir\DependInfo.cmake", "CMake", 0, 0, 14, 0, 0, 0, 0, 0, 6, 20
"c:\Users\cherry\Desktop\workspace\C++\DataStructures\APP\DS_HW_2\lab2\build\CMakeFiles\main.dir\cmake_clean.cmake", "CMake", 0, 0, 12, 0, 0, 0, 0, 0, 2, 14
"c:\Users\cherry\Desktop\workspace\C++\DataStructures\APP\DS_HW_2\lab2\build\CMakeFiles\main.dir\compiler_depend.ts", "TypeScript", 0, 0, 0, 0, 2, 0, 0, 0, 1, 3
"c:\Users\cherry\Desktop\workspace\C++\DataStructures\APP\DS_HW_2\lab2\build\Makefile", "Makefile", 0, 87, 0, 0, 0, 0, 0, 47, 47, 181
"c:\Users\cherry\Desktop\workspace\C++\DataStructures\APP\DS_HW_2\lab2\build\cmake_install.cmake", "CMake", 0, 0, 42, 0, 0, 0, 0, 0, 8, 50
"c:\Users\cherry\Desktop\workspace\C++\DataStructures\APP\DS_HW_2\lab2\include\Goods.h", "C++", 41, 0, 0, 0, 0, 0, 0, 0, 4, 45
"c:\Users\cherry\Desktop\workspace\C++\DataStructures\APP\DS_HW_2\lab2\include\GoodsManage.h", "C++", 120, 0, 0, 0, 0, 0, 0, 2, 12, 134
"c:\Users\cherry\Desktop\workspace\C++\DataStructures\APP\DS_HW_2\lab2\include\SeqList.h", "C++", 128, 0, 0, 0, 0, 0, 0, 5, 14, 147
"c:\Users\cherry\Desktop\workspace\C++\DataStructures\APP\DS_HW_2\lab2\main.cpp", "C++", 10, 0, 0, 0, 0, 0, 0, 0, 3, 13
"Total", "-", 902, 87, 278, 333, 2, 615, 472, 178, 632, 3499